City_ID,City,Lat,Lng,Max Temp,Humidity,Cloudiness,Wind Speed,Country,Date
0,punta arenas,-53.15,-70.9167,11.06,82,20,3.09,CL,1709606178
1,margaret river,-33.95,115.0667,22.25,48,0,5.55,AU,1709606179
2,yellowknife,62.456,-114.3525,-24.77,82,20,2.57,CA,1709606159
3,adamstown,-25.066,-130.1015,24.37,73,49,8.27,PN,1709606180
4,iqaluit,63.7506,-68.5145,-33.15,68,0,4.12,CA,1709606180
5,el calafate,-50.3408,-72.2768,12.9,63,100,1.59,AR,1709606181
6,ushuaia,-54.8,-68.3,13.81,47,0,1.54,AR,1709606181
7,papatowai,-46.5619,169.4708,8.64,72,100,10.33,NZ,1709606182
8,port mathurin,-19.6833,63.4167,25.97,76,90,6.87,MU,1709606182
9,kushiro,42.975,144.3747,-1.47,69,75,5.14,JP,1709606183
10,talnakh,69.4865,88.3972,-19.64,94,95,2.3,RU,1709606001
11,port-aux-francais,-49.35,70.2167,6.15,79,39,14.16,TF,1709606184
12,edinburgh of the seven seas,-37.0676,-12.3116,17.59,86,90,11.24,SH,1709606184
13,stanley,54.868,-1.6985,5.43,89,40,3.6,GB,1709606185
14,port elizabeth,-33.918,25.5701,18.16,83,20,3.6,ZA,1709606185
15,ust-nera,64.5667,143.2,-15.96,91,99,1.29,RU,1709606186
16,ketchikan,55.3422,-131.6461,-2.01,50,0,2.57,US,1709606187
17,blackmans bay,-43.0167,147.3167,22.51,39,100,4.44,AU,1709606187
18,magadan,59.5667,150.8,-8.59,66,100,2.63,RU,1709606188
19,tura,25.5198,90.2201,23.98,40,0,2.37,IN,1709606188
20,port lincoln,-34.7333,135.8667,26.59,42,26,4.85,AU,1709606189
21,crane,31.3974,-102.3501,19.4,20,0,4.6,US,1709606189
22,dzhangala,49.2167,50.3333,-2.96,57,5,1.96,KZ,1709606190
23,bethel,41.3712,-73.414,8.05,84,100,1.54,US,1709606190
24,karungdong,5.8844,121.263,29.5,63,66,0.14,PH,1709606191
25,belem,-1.4558,-48.5044,26.02,94,0,1.54,BR,1709605912
26,carnarvon,-24.8667,113.6333,29.08,56,0,8.22,AU,1709606192
27,dudinka,69.4058,86.1778,-24.07,100,92,0.89,RU,1709606192
28,grytviken,-54.2811,-36.5092,1.32,82,68,7.38,GS,1709606193
29,longyearbyen,78.2186,15.6401,-4.09,80,40,1.54,SJ,1709606194
30,isafjordur,66.0755,-23.124,1.62,88,91,2.91,IS,1709606194
31,cockburn town,21.4612,-71.1419,24.49,77,3,9.3,TC,1709606195
32,port alfred,-33.5906,26.891,20.72,61,1,11.23,ZA,1709606132
33,ilulissat,69.2167,-51.1,-14.99,66,74,0.51,GL,1709606196
34,waitangi,-43.9535,-176.5597,17.68,76,44,7.6,NZ,1709606196
35,quellon,-43.1167,-73.6167,10.65,83,73,3.3,CL,1709606197
36,puerto ayora,-0.7393,-90.3518,25.31,92,7,2.68,EC,1709606197
37,flying fish cove,-10.4217,105.6791,29.82,84,75,2.57,CX,1709606198
38,anadyr,64.75,177.4833,-10.72,78,75,12.96,RU,1709606199
39,st. john's,47.5649,-52.7093,-3.8,69,0,6.17,CA,1709606120
40,parry sound,45.3501,-80.033,13.03,71,35,5.64,CA,1709606200
41,hermanus,-34.4187,19.2345,14.89,79,55,5.92,ZA,1709606200
42,nova sintra,14.8667,-24.7167,19.99,71,59,4.48,CV,1709606201
43,colonia,50.9333,6.95,8.27,86,75,0.51,DE,1709606070
44,vilyuchinsk,52.9306,158.4028,-1.85,67,26,2.16,RU,1709606202
45,iskateley,67.6803,53.1512,-20.55,100,100,2.68,RU,1709606203
46,pisco,-13.7,-76.2167,24.03,78,0,7.2,PE,1709606203
47,ghat,24.9647,10.1728,14.63,24,0,4.08,LY,1709606204
48,moanda,-1.5575,13.2178,22.5,97,73,0.84,GA,1709606204
49,ta`u,-14.2336,-169.5144,28.83,75,12,5.16,AS,1709606205
50,general roca,-39.0333,-67.5833,16.46,39,0,5.85,AR,1709606206
51,parabel',58.6978,81.4825,-3.27,95,100,6.58,RU,1709606206
52,derinkuyu,38.3751,34.7342,-0.69,62,2,2.05,TR,1709606207
53,puerto natales,-51.7236,-72.4875,9.44,94,100,0.46,CL,1709606207
54,pekanbaru,0.5333,101.45,28.18,83,75,2.57,ID,1709606208
55,okigwe,5.8352,7.3599,25.77,84,72,1.95,NG,1709606208
56,kourou,5.1552,-52.6478,27.03,90,83,2.54,GF,1709606209
57,bredasdorp,-34.5322,20.0403,17.19,81,70,5.75,ZA,1709606209
58,harnosand,62.6323,17.9379,1.01,95,100,2.21,SE,1709606210
59,trairi,-3.2778,-39.2689,24.68,90,100,1.77,BR,1709606210
60,ribeira grande,38.5167,-28.7,14.17,62,99,7.64,PT,1709606211
61,invercargill,-46.4,168.35,9.45,78,84,8.49,NZ,1709606212
62,madimba,-10.4,40.3333,24.62,100,40,1.54,TZ,1709606212
63,kununurra,-15.7667,128.7333,30.99,70,100,2.57,AU,1709606213
64,bilibino,68.0546,166.4372,-16.22,92,100,0.99,RU,1709606214
65,polyarnyy,69.1989,33.4478,-3.64,90,89,4.25,RU,1709606214
66,guerrero negro,27.9769,-114.0611,15.84,71,70,8.37,MX,1709606215
67,raja,8.4596,25.678,22.95,21,23,0.84,SS,1709606215
68,hawaiian paradise park,19.5933,-154.9731,24.73,80,100,2.06,US,1709606216
69,badger,64.8,-147.5333,-6.47,48,100,1.54,US,1709606216
70,mengellang,7.6957,134.6305,28.95,75,100,8.3,PW,1709606217
71,molchanovo,57.5817,83.7692,-7.13,94,100,4.44,RU,1709606217
72,haiku-pauwela,20.9219,-156.3051,25.09,70,40,8.23,US,1709606218
73,olonkinbyen,70.9221,-8.7187,0.45,99,100,6.1,SJ,1709606218
74,lompoc,34.6391,-120.4579,12.55,75,0,5.66,US,1709606219
75,kingscliff,-28.2667,153.5667,27.63,73,75,6.69,AU,1709606219
76,whitehorse,60.7161,-135.0538,-13.57,43,0,3.6,CA,1709606158
77,thompson,55.7435,-97.8558,-17.91,78,100,5.14,CA,1709606221
78,margate,51.3813,1.3862,7.72,83,100,2.68,GB,1709606004
79,ribeirao bonito,-22.0667,-48.1761,24.03,69,70,0.61,BR,1709606222
80,nemuro,43.3236,145.575,-2.21,54,63,4.56,JP,1709606223
81,oneonta,42.4529,-75.0638,11.83,81,97,4.3,US,1709605954
82,udachny,66.4167,112.4,-17.4,96,99,1.48,RU,1709606224
83,papao,-17.75,-149.55,30.82,77,42,6.6,PF,1709606224
84,southwater,51.0237,-0.3517,7.95,93,75,2.06,GB,1709606225
85,asaita,11.5636,41.4394,25.53,74,73,3.08,ET,1709606225
86,porto velho,-8.7619,-63.9039,28.03,78,20,1.03,BR,1709606226
87,chibuto,-24.6867,33.5306,22.44,83,0,3.38,MZ,1709606227
88,raichur,16.2,77.3667,27.08,38,8,4.98,IN,1709605968
89,fort st. john,56.2499,-120.8529,-17.06,55,75,1.54,CA,1709606228
90,ancud,-41.8697,-73.8203,10.87,84,12,1.14,CL,1709606228
91,cuiaba,-15.5961,-56.0967,24.96,94,75,3.09,BR,1709606229
92,marsh harbour,26.5412,-77.0636,23.01,82,15,5.19,BS,1709606206
93,lebu,-37.6167,-73.65,12.73,88,1,6.88,CL,1709606230
94,barah,13.7,30.3667,18.67,12,72,4.13,SD,1709606230
95,jamestown,42.097,-79.2353,17.77,83,12,6.17,US,1709606231
96,marion,39.7684,-86.1555,19.55,72,20,4.63,US,1709606231
97,nyurba,63.2842,118.3319,-11.83,91,100,1.93,RU,1709606232
98,vangaindrano,-23.35,47.6,24.09,95,97,1.0,MG,1709606232
99,tralee,52.2704,-9.7026,6.69,93,100,14.02,IE,1709606233
100,cao bang,22.6667,106.25,26.69,55,0,1.14,VN,1709606234
101,nuuk,64.1835,-51.7216,-8.66,48,75,4.63,GL,1709606234
102,puqi,29.7167,113.8833,8.8,90,100,2.45,CN,1709606235
103,luis correia,-2.8792,-41.6669,25.05,87,96,0.87,BR,1709606235
104,along,28.1667,94.7667,16.39,95,98,0.53,IN,1709606236
105,cidreira,-30.1811,-50.2056,21.05,67,90,3.1,BR,1709606236
106,albany,42.6001,-73.9662,12.23,80,100,3.65,US,1709605797
107,saipan,15.1355,145.701,29.39,70,40,7.72,MP,1709606237
108,bayganin,48.6947,55.8742,-12.3,92,10,1.5,KZ,1709606238
109,minas de marcona,-15.2119,-75.1103,19.28,80,65,4.18,PE,1709606238
110,utrik,11.2278,169.8474,26.53,79,85,10.37,MH,1709606239
111,miles city,46.4083,-105.8406,-5.46,79,0,5.14,US,1709606239
112,goz beida,13.95,20.55,25.49,13,32,3.47,TD,1709606240
113,las lomas,8.4333,-82.4,25.67,89,20,4.47,PA,1709606241
114,karukh,34.4811,62.5863,3.42,55,100,1.28,AF,1709606241
115,vorkuta,67.5,64.0,-18.24,98,100,1.78,RU,1709606242
116,coari,-4.085,-63.1414,23.97,95,94,1.35,BR,1709606242
117,fisterra,42.9049,-9.2629,7.64,60,67,5.82,ES,1709606243
118,college,64.8569,-147.8028,-6.42,49,100,1.54,US,1709606244
119,jaisinghnagar,23.7,81.3833,18.77,40,0,1.59,IN,1709606244
120,sinjai,-5.1241,120.253,31.02,67,58,2.35,ID,1709606245
121,zhangye,38.9342,100.4517,-1.88,73,100,0.54,CN,1709606246
122,petropavlovsk-kamchatsky,53.0452,158.6483,-2.67,71,0,2.68,RU,1709606247
123,pitkyaranta,61.5734,31.4792,-4.16,94,59,2.51,RU,1709606247
124,mhamid,29.82,-5.72,15.12,19,25,2.09,MA,1709606248
125,namibe,-15.1961,12.1522,23.55,84,98,2.34,AO,1709606248
126,kodiak,57.79,-152.4072,0.73,100,100,0.0,US,1709606249
127,grand falls-windsor,48.9332,-55.6649,-5.28,56,88,0.89,CA,1709605972
128,port macquarie,-31.4333,152.9167,24.38,52,95,2.5,AU,1709606250
129,vilyuysk,63.7553,121.6247,-15.48,91,100,1.43,RU,1709606002
130,borkum,53.5809,6.6915,8.3,94,100,5.51,DE,1709606251
131,geraldton,-28.7667,114.6,28.23,54,0,7.72,AU,1709606066
132,vernon,50.2581,-119.2691,-0.8,56,53,1.54,CA,1709606252
133,chonchi,-42.6128,-73.8092,10.56,85,32,1.22,CL,1709606253
134,marks,51.7111,46.7486,-17.13,100,88,0.84,RU,1709606253
135,nampula,-15.1165,39.2666,23.97,94,75,1.03,MZ,1709606240
136,kralendijk,12.15,-68.2667,26.99,78,4,4.63,BQ,1709606255
137,tevriz,57.509,72.4042,-2.12,94,100,4.76,RU,1709606255
138,mount pearl,47.5166,-52.7813,-4.26,69,0,6.17,CA,1709606256
139,avarua,-21.2078,-159.775,29.03,70,40,5.66,CK,1709606256
140,'ain merane,36.1628,0.9704,9.66,86,92,2.52,DZ,1709606257
141,sao tome,0.3365,6.7273,27.91,81,99,3.15,ST,1709606257
142,thunder bay,48.4001,-89.3168,-0.01,51,0,3.09,CA,1709606258
143,mogocha,53.7333,119.7667,-10.59,63,20,1.0,RU,1709606258
144,coquimbo,-29.9533,-71.3436,17.85,88,0,0.51,CL,1709606259
145,nar'yan-mar,67.6713,53.087,-23.65,100,100,1.41,RU,1709606259
146,keflavik,64.0049,-22.5624,6.24,87,75,12.35,IS,1709606260
147,girifalco,38.8243,16.4241,4.93,93,75,0.51,IT,1709606260
148,dakhla,23.6848,-15.958,16.51,86,2,8.83,EH,1709606261
149,ushirombo,-3.4919,31.9639,17.94,95,100,0.81,TZ,1709606262
150,oxelosund,58.6706,17.1015,0.21,93,75,4.12,SE,1709606262
151,angra dos reis,-23.0067,-44.3181,24.44,84,1,0.91,BR,1709606263
152,samana,19.2056,-69.3369,23.24,79,16,3.63,DO,1709606263
153,touros,-5.1989,-35.4608,26.59,82,96,2.96,BR,1709606264
154,athens,37.9795,23.7162,12.59,90,34,3.13,GR,1709605965
155,san patricio,28.017,-97.5169,23.08,91,100,2.52,US,1709606265
156,marsa alam,25.0757,34.8918,19.2,43,0,4.78,EG,1709606053
157,wailua homesteads,22.0669,-159.378,24.24,74,75,7.72,US,1709606266
158,nogliki,51.8333,143.1667,-10.37,83,76,2.68,RU,1709606266
159,zinjibar,13.1287,45.3807,25.32,83,80,5.19,YE,1709606267
160,semey,50.4111,80.2275,-5.88,79,100,5.0,KZ,1709606267
161,alvaraes,-3.2208,-64.8042,23.89,97,97,1.12,BR,1709606240
162,lida,53.8833,25.2997,1.97,93,100,7.06,BY,1709606268
163,hengchun,22.0042,120.7439,25.82,79,0,5.48,TW,1709606269
164,uturoa,-16.7333,-151.4333,28.66,75,88,5.68,PF,1709606270
165,mandvi,22.8333,69.3667,19.01,32,0,4.37,IN,1709606270
166,klyuchi,52.2667,79.1667,-10.43,87,98,5.88,RU,1709606271
167,pacific grove,36.6177,-121.9166,12.46,75,0,2.06,US,1709606271
168,moose jaw,50.4001,-105.5344,-20.86,71,21,3.6,CA,1709606144
169,mikhaylovskoye,51.8239,79.7172,-8.67,87,96,5.23,RU,1709606272
170,maumere,-8.6199,122.2111,29.27,77,67,0.81,ID,1709606273
171,vadso,70.0744,29.7487,-3.51,86,99,5.66,NO,1709606273
172,safi,32.1667,-8.8333,10.39,90,55,4.72,MA,1709606274
173,camacupa,-12.0167,17.4833,16.99,91,97,0.82,AO,1709606274
174,washington,47.5001,-120.5015,3.22,61,40,2.09,US,1709606275
175,changnyeong,35.5415,128.4951,6.77,87,100,2.06,KR,1709606275
176,svetlyy,54.675,20.1347,4.09,89,94,6.64,RU,1709606276
177,cabo san lucas,22.8909,-109.9124,22.64,67,20,3.6,MX,1709605788
178,sainte-anne-des-monts,49.124,-66.4924,-4.07,74,100,1.54,CA,1709606277
179,alice springs,-23.7,133.8833,37.34,27,57,3.13,AU,1709606259
180,tiksi,71.6872,128.8694,-20.34,98,100,1.6,RU,1709606278
181,petoskey,45.3733,-84.9553,6.79,87,100,4.02,US,1709606278
182,mount isa,-20.7333,139.5,33.87,52,40,3.6,AU,1709606279
183,dalandzadgad,43.5708,104.425,-7.16,70,86,0.7,MN,1709606279
184,itoman,26.1247,127.6694,26.43,86,75,8.75,JP,1709606280
185,khandyga,62.6667,135.6,-21.74,92,93,0.35,RU,1709606281
186,remire-montjoly,4.9167,-52.2667,27.02,83,75,0.51,GF,1709606281
187,yangchun,22.1667,111.7833,28.09,62,74,4.71,CN,1709606282
188,arno,60.1167,18.6333,-0.12,94,32,3.98,SE,1709606282
189,tsiombe,-25.3,45.4833,24.63,83,61,1.97,MG,1709606283
190,kuanda,56.3161,116.0806,-16.17,92,93,1.1,RU,1709606283
191,enewetak,11.3474,162.3373,26.47,78,47,10.11,MH,1709606284
192,nagqu,31.5,92.0,-1.53,10,50,12.7,CN,1709606284
193,san julian,21.0167,-102.1667,15.88,23,54,3.48,MX,1709606285
194,atherton,53.5237,-2.4935,6.36,90,100,0.45,GB,1709606286
195,as sulayyil,20.4607,45.5779,20.14,26,2,4.55,SA,1709606286
196,qaqortoq,60.7167,-46.0333,-13.54,73,96,1.21,GL,1709606287
197,cururupu,-1.8283,-44.8683,23.23,97,100,0.51,BR,1709606287
198,hadibu,12.65,54.0333,25.38,76,100,2.62,YE,1709606288
199,drawsko pomorskie,53.5306,15.8097,3.27,66,92,4.17,PL,1709606288
200,guozhen,34.3659,107.359,10.73,30,100,2.99,CN,1709606289
201,road town,18.4167,-64.6167,25.02,73,20,4.12,VG,1709606290
202,west island,-12.1568,96.8225,28.99,84,97,5.66,CC,1709606291
203,arraial do cabo,-22.9661,-42.0278,24.97,90,0,7.0,BR,1709606291
204,santo nino,6.435,124.6975,32.26,51,16,1.12,PH,1709606292
205,sambava,-14.2667,50.1667,24.45,92,100,1.35,MG,1709606293
206,ola,59.5833,151.2833,-7.14,66,100,3.3,RU,1709606293
207,aasiaat,68.7098,-52.8699,-22.46,95,34,2.3,GL,1709606294
208,loukhi,66.0764,33.0381,-7.15,97,82,2.05,RU,1709606294
209,grants,35.1473,-107.8514,5.13,33,0,3.6,US,1709606295
210,guajara mirim,-10.7828,-65.3394,23.65,96,54,0.61,BR,1709606296
211,blackpool,53.8167,-3.05,6.62,87,100,6.66,GB,1709606296
212,castillos,-34.1667,-53.8333,13.9,69,0,2.49,UY,1709606297
213,berezovyy,51.6667,135.7,-8.23,60,31,0.98,RU,1709606297
214,san rafael,-34.6177,-68.3301,23.64,41,59,1.92,AR,1709606298
215,weno,7.4515,151.8468,30.97,70,75,3.6,FM,1709606298
216,bubaque,11.2833,-15.8333,25.63,65,42,5.39,GW,1709606299
217,tuba city,36.135,-111.2399,7.99,32,61,2.24,US,1709606299
218,walvis bay,-22.9575,14.5053,16.16,88,77,5.33,NA,1709606300
219,sosnovo-ozerskoye,52.5249,111.5418,-14.65,81,71,3.44,RU,1709606300
220,la punta,-33.1837,-66.3127,17.18,72,46,2.04,AR,1709606301
221,kuta,-8.7233,115.1723,30.97,79,20,2.68,ID,1709606302
222,wuhai,39.6647,106.8122,0.44,31,100,5.45,CN,1709606302
223,corner brook,48.9667,-57.9484,-6.91,82,99,0.86,CA,1709606303
224,kharp,66.8014,65.8081,-21.08,91,82,3.92,RU,1709606303
225,barbacha,36.5667,4.9667,7.24,82,40,2.06,DZ,1709606304
226,garachico,28.7781,-17.7646,17.06,59,100,6.17,ES,1709606304
227,billings,45.7833,-108.5007,-0.4,69,75,2.24,US,1709606095
228,georgetown,5.4112,100.3354,29.99,75,20,2.24,MY,1709606091
229,saint-philippe,-21.3585,55.7679,25.77,89,87,4.26,RE,1709606306
230,soio,-6.1349,12.3689,27.1,90,100,2.98,AO,1709606307
231,mar del plata,-38.0023,-57.5575,13.82,89,75,3.58,AR,1709606308
232,mount gambier,-37.8333,140.7667,30.05,14,4,3.37,AU,1709606097
233,emerald,-23.5333,148.1667,33.1,38,71,6.71,AU,1709606309
234,yorkton,51.2167,-102.4677,-21.09,77,20,5.14,CA,1709606309
235,demirtas,40.2719,29.0983,3.77,62,43,2.41,TR,1709606310
236,el granada,37.5027,-122.4694,13.03,74,40,4.12,US,1709606149
237,praia da vitoria,38.7333,-27.0667,13.75,76,20,4.74,PT,1709606311
238,zhanaozen,43.3,52.8,-0.73,54,0,4.42,KZ,1709606312
239,juneau,58.3019,-134.4197,-7.0,74,20,3.6,US,1709606312
240,collie,-33.3667,116.15,26.06,29,0,4.06,AU,1709606313
241,hassi messaoud,31.6804,6.0729,9.92,43,0,2.06,DZ,1709606314
242,antsiranana,-12.2787,49.2917,24.13,93,28,1.16,MG,1709606314
243,akureyri,65.6835,-18.0878,1.96,80,20,3.6,IS,1709606315
244,nikolayevsk-on-amure,53.1406,140.73,-8.82,68,90,4.02,RU,1709606315
245,levuka,50.1834,-105.4011,-21.1,86,18,2.42,CA,1709606316
246,villavicencio,4.142,-73.6266,26.66,60,62,2.14,CO,1709606316
247,plettenberg bay,-34.0527,23.3716,17.37,79,98,9.97,ZA,1709606317
248,greymouth,-42.4667,171.2,12.75,65,91,8.22,NZ,1709606317
249,caleta de carquin,-11.0925,-77.6267,23.86,82,100,3.3,PE,1709606318
250,leninskoye,41.7589,69.3864,2.12,55,100,1.11,KZ,1709606318
251,tiznit,29.5833,-9.5,14.07,49,98,1.12,MA,1709606319
252,longonjo,-12.9067,15.2533,17.14,95,32,0.3,AO,1709606319
253,isabela,6.7085,121.9711,30.03,58,39,3.25,PH,1709606320
254,nizhniy odes,63.6445,54.856,-20.19,95,6,3.61,RU,1709606121
255,tolanaro,-25.0319,46.9987,26.04,94,20,9.26,MG,1709606321
256,berdigestyakh,62.0989,126.6992,-14.45,90,100,0.75,RU,1709606322
257,bikenibeu village,1.3673,173.1241,30.98,79,75,4.63,KI,1709606322
258,jieshi,22.8134,115.8257,23.16,88,43,5.31,CN,1709606323
259,montagu,-40.7667,144.9667,18.13,67,80,6.94,AU,1709606324
260,itacare,-14.2775,-38.9967,25.37,87,100,0.44,BR,1709606324
261,kabompo,-13.5927,24.2008,17.8,98,93,1.88,ZM,1709606325
262,wenxing,28.6667,112.8833,8.74,89,100,5.58,CN,1709606325
263,smithers,54.7804,-127.1743,-8.82,48,75,2.06,CA,1709606110
264,zyryanovsk,49.7386,84.2719,-11.93,94,100,0.39,KZ,1709606326
265,santa rosalia,27.3167,-112.2833,15.19,65,51,0.73,MX,1709606327
266,paungde,18.4833,95.5,31.19,28,35,0.97,MM,1709606327
267,gwanda,-20.9333,29.0,19.6,52,5,3.16,ZW,1709606328
268,sisimiut,66.9395,-53.6735,-16.55,80,54,3.68,GL,1709606328
269,hafar al-batin,28.4328,45.9708,12.32,43,0,1.03,SA,1709606329
270,yamba,-5.9,22.3,22.14,95,100,0.89,CD,1709606329
271,dhuusamarreeb,5.535,46.3861,23.25,81,6,5.9,SO,1709606330
272,raton,36.9034,-104.4391,6.34,26,0,6.69,US,1709606108
273,turbat,26.0023,63.044,17.24,40,79,2.11,PK,1709606331
274,velyka pysarivka,50.4259,35.485,0.33,79,100,2.82,UA,1709606331
275,abra pampa,-22.7205,-65.697,11.14,73,86,2.9,AR,1709606332
276,sola,-13.8833,167.55,28.5,79,96,7.11,VU,1709606332
277,vorgashor,67.5833,63.95,-18.17,98,100,2.14,RU,1709606333
278,pandan,14.0453,124.1694,28.46,64,10,2.97,PH,1709606333
279,naze,28.3667,129.4833,20.51,87,100,7.68,JP,1709606334
280,imbituba,-28.24,-48.6703,21.27,95,100,4.58,BR,1709606335
281,sisophon,13.5859,102.9737,33.73,48,9,4.07,KH,1709606336
282,sferracavallo,42.726,12.0956,11.29,95,68,3.14,IT,1709606336
283,lisarow,-33.3833,151.3667,27.21,56,6,3.67,AU,1709606337
284,lushoto,-4.7833,38.2833,16.69,96,100,1.22,TZ,1709606337
285,hasaki,35.7333,140.8333,7.94,80,100,6.15,JP,1709606338
286,sulak,43.2734,47.5146,5.07,84,34,5.47,RU,1709606338
287,baijiantan,45.6333,85.1833,-11.28,84,21,1.9,CN,1709606339
288,ermelo,-26.5333,29.9833,15.85,67,0,4.09,ZA,1709606339
289,sassandra,4.95,-6.0833,25.73,96,15,2.33,CI,1709606340
290,xinqing,48.2333,129.5,-6.12,60,86,2.65,CN,1709606047
291,kapa'a,22.0752,-159.319,24.99,74,75,7.72,US,1709606341
292,la ronge,55.1001,-105.2842,-16.86,78,100,2.57,CA,1709606342
293,saqqez,36.2499,46.2735,2.58,83,97,0.82,IR,1709606342
294,kristiansund,63.1115,7.732,8.36,46,22,3.09,NO,1709606343
295,hays,30.0502,-98.0336,23.87,78,96,3.44,US,1709606343
296,atafu village,-8.5421,-172.5159,29.21,73,99,3.6,TK,1709606344
297,impfondo,1.6381,18.0667,24.58,62,97,1.18,CG,1709606345
298,alaghsas,17.0187,8.0168,24.94,9,27,3.72,NE,1709606345
299,yuzhno-kurilsk,44.0306,145.8556,-5.35,79,84,3.77,RU,1709606346
300,revelstoke,50.9832,-118.2023,-1.99,69,100,6.17,CA,1709606162
301,leava,-14.3,-178.1667,28.91,79,89,6.71,WF,1709606347
302,brisas de zicatela,15.8369,-97.0419,27.29,83,0,2.57,MX,1709606347
303,abepura,-2.6333,140.5833,31.45,62,20,1.54,ID,1709606348
304,hilo,19.7297,-155.09,23.68,80,100,1.51,US,1709606348
305,masuguru,-11.3667,38.4167,22.51,98,100,1.66,TZ,1709606349
306,pesaro,43.9036,12.8903,11.01,91,100,3.8,IT,1709606350
307,puerto real,36.5282,-6.1901,12.09,82,0,2.57,ES,1709606350
308,salinopolis,-0.6136,-47.3561,25.32,87,100,1.76,BR,1709606181
309,fada,9.5667,8.3,24.24,42,37,1.46,NG,1709606351
310,taoudenni,22.6783,-3.9836,21.2,13,0,5.06,ML,1709606352
311,tarawa,1.419,172.984,31.05,79,75,4.63,KI,1709606353
312,kerikeri,-35.2268,173.9474,22.17,65,74,1.34,NZ,1709606353
313,rock springs,41.5875,-109.2029,-4.97,74,100,5.66,US,1709606186
314,mvurwi,-17.0333,30.85,15.48,97,28,1.43,ZW,1709606355
315,obihiro,42.9172,143.2044,-1.33,65,81,4.51,JP,1709606355
316,dryden,49.7833,-92.7503,-10.84,67,20,4.12,CA,1709606356
317,santo antonio do ica,-3.1022,-67.9397,24.18,89,44,1.2,BR,1709606356
318,susuman,62.7833,148.1667,-15.01,84,100,1.79,RU,1709606357
319,riyadh,24.6877,46.7219,15.08,37,0,3.16,SA,1709606164
320,selfoss,63.9331,-20.9971,6.03,87,100,5.05,IS,1709606358
321,huron,41.1501,-82.5499,16.07,68,5,5.68,US,1709606358
322,fernie,49.5,-115.0687,-7.89,97,100,2.3,CA,1709606359
323,mount carmel,38.4109,-87.7614,20.88,81,96,5.78,US,1709606323
324,sao jose da coroa grande,-8.8978,-35.1478,27.11,80,8,2.06,BR,1709606360
325,labrador city,52.9463,-66.9114,-8.05,51,100,4.63,CA,1709606361
326,aripuana,-9.1667,-60.6333,22.7,98,73,0.64,BR,1709606247
327,hithadhoo,-0.6,73.0833,28.19,76,71,4.3,MV,1709606362
328,santa cruz,-17.8,-63.1667,24.7,88,40,1.03,BO,1709606355
329,bondoukou,8.0333,-2.8,25.53,76,29,2.34,CI,1709606363
330,sinabang,2.4803,96.3801,27.92,77,96,2.44,ID,1709606363
331,viedma,-40.8135,-62.9967,15.45,59,94,4.44,AR,1709606364
332,covilha,40.286,-7.504,7.53,79,100,1.79,PT,1709606163
333,kill devil hills,36.0307,-75.676,16.01,98,100,5.14,US,1709606365
334,lanxi,29.2195,119.477,15.82,96,100,1.48,CN,1709606365
335,shiguai,40.7058,110.2856,-1.5,67,75,2.37,CN,1709606366
336,kuqa,41.7278,82.9364,1.36,32,15,2.31,CN,1709606359
337,al majaridah,19.1236,41.9111,24.81,74,21,1.16,SA,1709606367
338,belmonte,-15.8631,-38.8828,25.94,85,99,0.98,BR,1709606368
339,muisne,0.6,-80.0333,25.0,86,100,0.37,EC,1709606368
340,ujae,8.9322,165.7642,27.03,76,84,10.62,MH,1709606369
341,rongelap,11.1635,166.8941,26.39,80,21,10.37,MH,1709606369
342,zambezi,-13.5432,23.1047,19.76,90,88,1.53,ZM,1709606370
343,lewiston orchards,46.3804,-116.9754,3.26,64,66,1.66,US,1709606370
344,de aar,-30.6497,24.0123,11.03,78,82,2.99,ZA,1709606371
345,fort mcmurray,56.7268,-111.381,-18.23,78,100,4.12,CA,1709606371
346,lihue,21.9789,-159.3672,24.58,75,75,7.72,US,1709606372
347,horn,51.8715,8.9451,6.83,95,100,0.25,DE,1709606373
348,takab,36.4009,47.1133,-2.03,82,53,0.86,IR,1709606373
349,brookings,44.3114,-96.7984,-2.0,66,0,3.6,US,1709606374
350,hotan,37.0997,79.9269,3.2,48,3,1.34,CN,1709606374
351,tofol,5.3248,163.0078,30.88,70,75,7.72,FM,1709606375
352,supaul,26.1167,86.6,21.71,44,0,6.42,IN,1709606375
353,rio grande,-32.035,-52.0986,14.97,59,62,2.57,BR,1709606376
354,popondetta,-8.7537,148.2534,31.71,60,100,2.6,PG,1709606376
355,langepas,61.2544,75.2124,-1.43,97,100,5.32,RU,1709606377
356,khovd,48.0056,91.6419,-10.61,60,100,1.02,MN,1709606378
357,chernyshevskiy,63.0128,112.4714,-15.45,91,96,1.65,RU,1709606379
358,nadym,65.5333,72.5167,-25.77,100,100,2.68,RU,1709606379
359,mangaratiba,-22.9597,-44.0406,24.48,83,0,1.39,BR,1709606380
360,callao,-12.0667,-77.15,27.62,73,0,5.14,PE,1709606301
361,werlte,52.85,7.6833,8.3,95,100,0.95,DE,1709606381
362,malatya,38.5,38.0,-2.97,93,0,4.12,TR,1709606381
363,vila velha,-20.3297,-40.2925,26.97,78,20,3.6,BR,1709606382
364,chifeng,42.2683,118.9636,-2.14,38,100,1.71,CN,1709606383
365,westport,41.1415,-73.3579,8.14,88,100,2.06,US,1709606384
366,wenzhou,27.9994,120.6668,19.49,79,64,0.54,CN,1709606384
367,gadzhiyevo,69.2551,33.3362,-5.03,91,86,4.44,RU,1709606385
368,kenai,60.5544,-151.2583,-3.95,91,100,4.12,US,1709606134
369,namie,37.4833,141.0,7.77,49,100,4.48,JP,1709606386
370,santo antonio,-6.3106,-35.4789,24.55,90,21,1.55,BR,1709606386
371,qarauyl,48.9451,79.255,-10.22,77,45,4.29,KZ,1709606387
372,galliano,29.4422,-90.2992,21.0,94,100,4.63,US,1709606387
373,luderitz,-26.6481,15.1594,15.8,86,32,4.93,NA,1709606388
374,barnard castle,54.5415,-1.919,5.71,86,100,5.42,GB,1709606388
375,duba,27.3513,35.6901,20.7,44,4,1.12,SA,1709606389
376,beira,-19.8436,34.8389,25.05,88,20,2.06,MZ,1709606390
377,jacmel,18.2342,-72.5347,25.91,77,28,0.41,HT,1709606390
378,afaahiti,-17.75,-149.2833,29.93,79,81,5.51,PF,1709606391
379,el charco,2.4769,-78.1105,24.21,91,100,0.62,CO,1709606391
380,tindouf,27.6711,-8.1474,14.25,19,0,2.06,DZ,1709606392
381,usinsk,65.9939,57.5281,-22.73,99,47,3.5,RU,1709606392
382,puerto baquerizo moreno,-0.9,-89.6,25.49,77,2,1.88,EC,1709606393
383,necochea,-38.5473,-58.7368,15.17,72,58,7.6,AR,1709606393
384,constantia,44.1833,28.65,7.61,86,100,3.81,RO,1709606394
385,cannonvale,-20.2833,148.7,28.66,68,72,7.09,AU,1709606394
386,howard springs,-12.497,131.047,33.88,76,100,2.49,AU,1709606395
387,kazerun,29.6195,51.6541,9.34,80,1,1.12,IR,1709606396
388,mukalla,14.5425,49.1242,24.69,80,95,1.97,YE,1709606396
389,lodja,-3.4833,23.4333,21.54,99,100,0.26,CD,1709606397
390,nueva palestina,15.8,-92.75,19.43,88,1,2.16,MX,1709606397
391,klaksvik,62.2266,-6.589,6.51,93,100,12.84,FO,1709606398
392,fale old settlement,-9.3852,-171.2468,29.26,74,100,3.15,TK,1709606398
393,krasnogorskoye,52.2953,86.1979,-7.17,92,100,0.82,RU,1709606399
394,holualoa,19.6228,-155.9522,24.91,84,75,5.14,US,1709606399
395,saint-paul,-21.0096,55.2707,26.06,84,98,2.17,RE,1709606400
396,oranjemund,-28.55,16.4333,16.16,93,71,1.27,NA,1709606402
397,colares,38.7992,-9.4469,12.41,86,19,13.41,PT,1709606402
398,pujehun,7.3581,-11.7208,25.13,91,97,1.17,SL,1709606403
399,midvagur,62.0511,-7.1939,6.46,100,100,9.77,FO,1709606404
400,katsuren-haebaru,26.3369,127.8719,26.43,83,75,9.26,JP,1709606404
401,tadine,-21.55,167.8833,27.61,75,92,5.39,NC,1709606405
402,al bawiti,28.3492,28.8659,13.75,45,0,2.4,EG,1709606405
403,gejiu,23.306,103.1635,19.59,26,93,3.62,CN,1709606406
404,sarupathar,26.1984,93.8094,25.99,43,0,0.69,IN,1709606407
405,kingston,17.997,-76.7936,26.53,65,20,1.54,JM,1709606381
406,fort bragg,35.139,-79.006,16.57,78,20,3.13,US,1709606408
407,ruma,45.0081,19.8222,8.9,67,97,3.18,RS,1709606408
408,kopong,-24.4833,25.8833,22.97,44,65,1.18,BW,1709606409
409,bridgewater,44.3835,-64.5155,1.82,83,54,5.66,CA,1709606172
410,hamilton,39.1834,-84.5333,19.05,75,0,5.66,US,1709605865
411,ormond-by-the-sea,29.3491,-81.0665,18.13,96,100,3.09,US,1709606411
412,island harbour,50.724,-1.2758,8.29,93,47,0.89,GB,1709606411
413,nizhnyaya tavda,57.6731,66.1725,-1.73,91,99,4.67,RU,1709606412
414,callaway,30.153,-85.5699,21.06,82,75,2.06,US,1709606413
415,arrifes,37.7667,-25.7,13.14,51,75,3.09,PT,1709606414
416,port moresby,-9.4431,147.1797,29.9,69,100,2.78,PG,1709606415
417,la passe,45.5549,-0.8967,8.13,79,93,9.26,FR,1709606415
418,argo,37.6333,22.7333,9.32,81,1,2.25,GR,1709606416
419,elko,41.0002,-115.5012,-2.99,79,68,0.89,US,1709606219
420,san andres,12.5847,-81.7006,27.01,74,20,3.09,CO,1709606417
421,saint-louis,16.3333,-15.0,24.01,15,1,4.31,SN,1709606418
422,acatlan de osorio,18.2,-98.05,25.27,26,90,1.88,MX,1709606419
423,wamba,8.9333,8.6,26.68,36,10,1.28,NG,1709606420
424,bengkulu,-3.8004,102.2655,26.35,87,100,2.59,ID,1709606423
425,pilar,-9.5972,-35.9567,25.96,86,8,1.51,BR,1709606179
426,awjilah,29.1081,21.2869,14.15,78,0,6.29,LY,1709606424
427,washington court house,39.5364,-83.4391,17.2,69,0,3.6,US,1709606425
428,ulladulla,-35.35,150.4667,23.98,49,17,5.99,AU,1709606425
429,happy valley-goose bay,53.3168,-60.3315,-8.83,48,75,1.03,CA,1709606427
430,gaspe,48.8334,-64.4819,-4.05,58,0,1.54,CA,1709606429
431,dourados,-22.2211,-54.8056,22.68,83,54,1.7,BR,1709606429
432,kozle,50.3356,18.1433,7.2,84,100,4.05,PL,1709606430
433,bir el ater,34.7449,8.0602,6.16,65,8,2.91,DZ,1709606430
434,manokwari,-0.8667,134.0833,28.86,72,49,2.49,ID,1709606433
435,baynjiwayn,35.6183,45.9541,2.73,83,46,0.76,IQ,1709606434
436,magistral'nyy,56.1725,107.4458,-9.88,91,100,2.82,RU,1709606435
437,flin flon,54.7682,-101.865,-16.41,97,100,1.56,CA,1709606435
438,annau,37.8876,58.516,0.72,80,20,2.06,TM,1709606438
439,illizi,26.4833,8.4667,10.89,35,0,2.21,DZ,1709606439
440,chibougamau,49.9168,-74.3659,2.79,87,100,3.6,CA,1709606440
441,sao felix do xingu,-6.6447,-51.995,22.52,99,99,0.77,BR,1709606440
442,nuku'alofa,-21.1333,-175.2,31.19,74,20,5.66,TO,1709606441
443,portland,45.5234,-122.6762,5.34,91,100,0.89,US,1709606402
444,tomatlan,19.9333,-105.25,18.62,79,2,0.56,MX,1709606443
445,tulun,54.5611,100.5792,-9.8,81,100,0.9,RU,1709606444
446,aykhal,66.0,111.5,-15.88,97,100,1.33,RU,1709606445
447,port augusta,-32.5,137.7667,34.85,16,0,1.49,AU,1709606445
448,egilsstadir,65.2653,-14.3948,4.95,81,0,6.17,IS,1709606446
449,ilhabela,-23.7781,-45.3581,24.26,88,13,0.94,BR,1709606213
450,haflong,25.1833,93.0333,24.46,47,5,1.86,IN,1709606447
451,deniliquin,-35.5333,144.9667,32.35,15,60,4.69,AU,1709606447
452,paita,-5.0892,-81.1144,25.49,76,100,4.11,PE,1709606448
453,chapaev,50.2,51.1667,-10.15,87,9,1.89,KZ,1709606448
454,bandundu,-3.3167,17.3667,23.88,90,100,1.16,CD,1709606449
455,sitka,57.0531,-135.33,-0.06,59,75,2.57,US,1709606316
456,aitape,-3.1374,142.3475,28.64,78,77,2.24,PG,1709606450
457,hohhot,40.8106,111.6522,1.06,59,40,2.0,CN,1709606451
458,middelburg,-25.7751,29.4648,16.7,71,0,3.61,ZA,1709606389
459,uzgen,40.7699,73.3007,-3.84,68,89,2.61,KG,1709606452
460,sao filipe,14.8961,-24.4956,22.45,71,44,4.62,CV,1709606452
461,vanimo,-2.6741,141.3028,29.54,69,59,2.36,PG,1709606453
462,lautoka,-17.6167,177.4667,31.92,62,40,7.72,FJ,1709606453
463,villa dolores,-31.9459,-65.1896,22.6,68,97,0.44,AR,1709606454
464,salalah,17.0151,54.0924,26.05,73,20,3.6,OM,1709606454
465,guanica,17.9716,-66.908,24.36,59,32,2.56,PR,1709606455
466,fortuna,40.5982,-124.1573,8.14,92,75,7.72,US,1709606455
467,mithi,24.7318,69.7981,16.5,12,0,4.17,PK,1709606456
468,dingzhou,38.5131,114.9956,2.06,80,80,4.97,CN,1709606457
469,vila franca do campo,37.7167,-25.4333,14.23,70,77,3.24,PT,1709606457
470,kabalo,-6.05,26.9167,20.72,98,99,0.94,CD,1709606458
471,mafra,-26.1114,-49.8053,19.01,100,100,1.4,BR,1709606214
472,baza,37.4907,-2.7726,8.65,81,91,2.82,ES,1709606459
473,buta,2.7858,24.73,22.89,78,28,1.55,CD,1709606459
474,bloemfontein,-29.1211,26.214,14.71,55,46,4.12,ZA,1709606460
475,abhar,36.1468,49.218,1.42,89,95,1.03,IR,1709606460
476,hoi an,15.8794,108.335,28.98,65,55,3.54,VN,1709606461
477,caburan,5.9181,125.6411,29.37,67,15,6.01,PH,1709606461
478,huarmey,-10.0681,-78.1522,23.7,81,100,2.52,PE,1709606462
479,shimoda,34.6667,138.95,11.2,81,100,2.85,JP,1709606463
480,peniche,39.3558,-9.3811,12.18,93,17,5.02,PT,1709606463
481,suntar,62.1444,117.6319,-11.86,91,100,3.08,RU,1709606464
482,cole harbour,44.6724,-63.4751,0.4,74,84,2.8,CA,1709606464
483,aban,56.67,96.06,-6.5,88,100,3.8,RU,1709606465
484,mitsamiouli,-11.3847,43.2844,27.68,77,100,4.36,KM,1709606465
485,kone,-21.0595,164.8658,30.82,62,100,2.93,NC,1709606466
486,waddan,29.1614,16.139,11.06,82,0,1.73,LY,1709606466
487,lerwick,60.1545,-1.1494,6.0,87,95,14.41,GB,1709606467
488,aljezur,37.3191,-8.8033,9.38,85,12,2.71,PT,1709606467
489,mercedes,-34.6515,-59.4307,17.7,48,3,2.17,AR,1709606361
490,beroroha,-21.6667,45.1667,24.14,91,100,0.97,MG,1709606469
491,huasahuasi,-11.3167,-75.6167,5.77,89,98,0.8,PE,1709606469
492,taltal,-25.4,-70.4833,20.44,85,9,1.28,CL,1709606470
493,boonville,38.9736,-92.7432,21.44,70,100,4.12,US,1709606470
494,porto novo,6.4965,2.6036,27.9,84,99,3.93,BJ,1709606471
495,lata,40.1629,-8.3327,8.37,90,96,1.24,PT,1709606471
496,pechory,57.8164,27.6119,-3.3,96,33,3.38,RU,1709606472
497,mahina,-17.5065,-149.489,30.87,70,40,3.09,PF,1709606472
498,kolonia town,6.964,158.206,31.06,66,100,6.69,FM,1709606473
499,ust-tsilma,65.441,52.1498,-19.66,99,96,1.79,RU,1709606473
500,jingmen,31.0336,112.2047,9.19,63,100,6.91,CN,1709606474
501,sandnessjoen,66.0217,12.6316,-0.71,80,27,8.23,NO,1709606475
502,luanda,-8.8368,13.2343,28.0,89,40,2.57,AO,1709606333
503,tromso,69.6496,18.957,-2.99,80,0,2.06,NO,1709606476
504,fernley,39.608,-119.2518,4.76,53,100,0.89,US,1709606467
505,copala,16.65,-98.9833,24.25,71,40,2.78,MX,1709606477
506,east london,-33.0153,27.9116,21.03,81,60,4.69,ZA,1709606477
507,mahibadhoo,3.7833,72.9667,27.62,72,54,4.11,MV,1709606478
508,okhotsk,59.3833,143.3,-11.72,75,95,5.09,RU,1709606479
509,ed damer,17.5928,33.9592,21.41,11,1,4.99,SD,1709606479
510,porto seguro,-16.4497,-39.0647,27.29,89,20,1.54,BR,1709606480
511,acarau,-2.8856,-40.12,25.75,84,96,2.02,BR,1709606481
512,ust'-kut,56.7938,105.7672,-7.44,92,100,1.98,RU,1709606481
513,ad dilam,23.9915,47.1627,15.23,34,0,3.42,SA,1709606482
514,changsu,35.6484,127.5152,3.35,95,100,2.57,KR,1709606483
515,chengzihe,45.3333,131.0667,-4.09,62,19,3.5,CN,1709606357
516,karatau,43.1667,70.4667,-1.89,82,97,1.19,KZ,1709606484
517,novodvinsk,64.4165,40.8122,-3.14,96,99,2.37,RU,1709606485
518,strathfieldsaye,-36.8,144.3667,30.3,21,1,3.3,AU,1709606485
519,weymouth,42.2209,-70.9398,5.4,96,100,5.14,US,1709606486
520,turpan,42.9333,89.1667,5.24,25,34,1.42,CN,1709606486
521,zaragoza,41.6561,-0.8773,10.01,75,0,3.09,ES,1709606187
522,at taj,24.2049,23.2857,16.45,15,0,2.71,LY,1709606487
523,mandalgovi,45.7625,106.2708,-9.35,81,10,2.41,MN,1709606488
524,kas,36.2018,29.6377,12.72,81,0,2.67,TR,1709606488
525,codrington,-38.2667,141.9667,25.98,24,3,6.26,AU,1709606489
526,kavalerovo,44.2661,135.0572,-2.47,57,97,4.02,RU,1709606489
527,praya,14.9215,-23.5087,22.3,73,40,6.17,CV,1709606490
528,roma,43.2128,-75.4557,12.15,78,0,3.6,US,1709606417
529,la gi,10.6667,107.7833,29.16,65,33,3.33,VN,1709606491
530,broome,42.2506,-75.833,13.44,82,75,4.12,US,1709606492
531,salto,-31.3833,-57.9667,18.26,63,0,0.89,UY,1709606493
532,new kingman-butler,35.265,-114.0323,14.51,33,0,5.14,US,1709606493
533,kapuskasing,49.4169,-82.4331,5.05,87,100,2.57,CA,1709606462
534,lib,8.3122,167.3766,27.02,77,100,10.61,MH,1709606494
535,zouerate,22.7187,-12.4521,16.74,38,0,1.99,MR,1709606495
536,amga,60.8953,131.9608,-14.57,87,97,0.38,RU,1709606495
537,laracha,43.2537,-8.5854,7.86,91,20,3.6,ES,1709606496
538,jarny,49.1574,5.8788,7.77,90,100,0.45,FR,1709606496
539,joshimath,30.5667,79.5667,7.01,45,97,1.84,IN,1709606497
540,tamanrasset,22.785,5.5228,8.95,14,0,1.03,DZ,1709606498
541,campbell river,50.0163,-125.2446,2.74,86,20,1.03,CA,1709606498
542,shendi,16.6915,33.4341,21.81,9,3,4.12,SD,1709606499
543,manadhoo,5.7667,73.3833,27.64,70,55,2.61,MV,1709606499
544,zastron,-30.3023,27.084,13.02,58,98,3.0,ZA,1709606500
545,kirensk,57.7853,108.1119,-8.91,93,100,3.13,RU,1709606500
546,huangpi,30.8845,114.3779,8.06,81,40,3.0,CN,1709606501
547,kasama,-10.2129,31.1808,17.34,95,100,1.34,ZM,1709606502
548,cunduacan,18.0667,-93.1667,27.98,72,14,2.14,MX,1709606502
549,dunedin,-45.8742,170.5036,11.0,63,98,8.05,NZ,1709606503
550,petrolina,-9.3986,-40.5008,24.03,83,75,3.6,BR,1709606503
551,kosong,38.3788,128.4676,5.27,83,100,5.13,KR,1709606504
552,uttarkashi,30.7333,78.45,12.35,31,98,1.69,IN,1709606504
553,wagar,16.1525,36.2032,22.11,64,1,3.04,SD,1709606505
554,kalevala,65.2,31.1667,-6.62,97,97,1.34,RU,1709606506
555,pudur,13.0,79.15,24.59,64,52,0.85,IN,1709606506
556,valparaiso,-33.0393,-71.6273,15.8,82,0,1.54,CL,1709606507
557,san juan de miraflores,-12.1629,-76.9635,26.76,65,99,3.31,PE,1709606507
